weaver.World,1343
weaver.WildcardedUnresolvedType,37
weaver.WeaverStateInfo,389
weaver.WeaverMessages,163
weaver.WeakClassLoaderReference,27
weaver.VersionedDataInputStream,51
weaver.Utils,17
weaver.UnresolvedTypeVariableReferenceType,60
weaver.UnresolvedType,637
weaver.TypeVariableReferenceType,102
weaver.TypeVariableReference,4
weaver.TypeVariableDeclaringElement,4
weaver.TypeVariable,248
weaver.TypeFactory,283
weaver.tools.WeavingClassLoader,5
weaver.tools.WeavingAdaptor,584
weaver.tools.UnsupportedPointcutPrimitiveException,18
weaver.tools.TypePatternMatcher,4
weaver.tools.TraceFactory,51
weaver.tools.Traceable,4
weaver.tools.Trace,24
weaver.tools.StandardPointcutParser,358
weaver.tools.StandardPointcutExpression,12
weaver.tools.ShadowMatch,8
weaver.tools.PointcutPrimitive,31
weaver.tools.PointcutParser,385
weaver.tools.PointcutParameter,6
weaver.tools.PointcutExpression,27
weaver.tools.PointcutDesignatorHandler,5
weaver.tools.MatchingContext,5
weaver.tools.JoinPointMatch,5
weaver.tools.ISupportsMessageContext,5
weaver.tools.GeneratedClassHandler,4
weaver.tools.FuzzyBoolean,13
weaver.tools.DefaultTraceFactory,32
weaver.tools.DefaultTrace,74
weaver.tools.DefaultMatchingContext,18
weaver.tools.ContextBasedMatcher,8
weaver.tools.CommonsTraceFactory,8
weaver.tools.CommonsTrace,77
weaver.tools.cache.WeavedClassCache,140
weaver.tools.cache.GeneratedCachedClassHandler,17
weaver.tools.cache.DefaultFileCacheBacking,245
weaver.tools.cache.DefaultCacheKeyResolver,63
weaver.tools.cache.DefaultCacheFactory,9
weaver.tools.cache.CacheStatistics,72
weaver.tools.cache.CacheKeyResolver,10
weaver.tools.cache.CacheFactory,5
weaver.tools.cache.CachedClassReference,24
weaver.tools.cache.CachedClassEntry,34
weaver.tools.cache.CacheBacking,8
weaver.tools.AbstractTrace,122
weaver.TemporaryTypeMunger,14
weaver.StaticJoinPointFactory,3
weaver.StandardAnnotation,108
weaver.SourceContextImpl,69
weaver.SimpleAnnotationValue,88
weaver.SignatureUtils,203
weaver.ShadowMunger,187
weaver.Shadow,456
weaver.ResolvedTypeMunger,323
weaver.ResolvedType,1889
weaver.ResolvedPointcutDefinition,93
weaver.ResolvedMemberImpl,818
weaver.ResolvedMember,63
weaver.ResolvableTypeList,20
weaver.reflect.StandardShadowMatchImpl,141
weaver.reflect.StandardShadow,273
weaver.reflect.ShadowMatchImpl,154
weaver.reflect.ReflectionWorld,103
weaver.reflect.ReflectionVar,113
weaver.reflect.ReflectionShadow,252
weaver.reflect.ReflectionFastMatchInfo,16
weaver.reflect.ReflectionBasedResolvedMemberImpl,121
weaver.reflect.ReflectionBasedReferenceTypeDelegateFactory,163
weaver.reflect.ReflectionBasedReferenceTypeDelegate,214
weaver.reflect.PointcutParameterImpl,22
weaver.reflect.JoinPointMatchImpl,23
weaver.reflect.Java14GenericSignatureInformationProvider,22
weaver.reflect.IReflectionWorld,6
weaver.reflect.GenericSignatureInformationProvider,9
weaver.reflect.AnnotationFinder,19
weaver.ReferenceTypeDelegate,47
weaver.ReferenceType,905
weaver.PrivilegedAccessMunger,61
weaver.Position,14
weaver.PoliceExtensionUse,55
weaver.PerTypeWithinTargetTypeMunger,53
weaver.PersistenceSupport,14
weaver.PerObjectInterfaceTypeMunger,69
weaver.patterns.WithinPointcut,109
weaver.patterns.WithincodePointcut,104
weaver.patterns.WithinCodeAnnotationPointcut,157
weaver.patterns.WithinAnnotationPointcut,149
weaver.patterns.WildTypePattern,1065
weaver.patterns.WildAnnotationTypePattern,350
weaver.patterns.TypeVariablePatternList,56
weaver.patterns.TypeVariablePattern,186
weaver.patterns.TypePatternQuestions,74
weaver.patterns.TypePatternList,490
weaver.patterns.TypePattern,234
weaver.patterns.TypeCategoryTypePattern,92
weaver.patterns.ThrowsPattern,109
weaver.patterns.ThisOrTargetPointcut,178
weaver.patterns.ThisOrTargetAnnotationPointcut,219
weaver.patterns.SimpleScope,130
weaver.patterns.SignaturePattern,696
weaver.patterns.ScopeWithTypeVariables,65
weaver.patterns.ReferencePointcut,306
weaver.patterns.PointcutRewriter,271
weaver.patterns.PointcutEvaluationExpenseComparator,131
weaver.patterns.Pointcut,284
weaver.patterns.PerTypeWithin,138
weaver.patterns.PerThisOrTargetPointcutVisitor,151
weaver.patterns.PerSingleton,92
weaver.patterns.PerObject,136
weaver.patterns.PerFromSuper,97
weaver.patterns.PerClause,61
weaver.patterns.PerCflow,124
weaver.patterns.PatternParser,1491
weaver.patterns.PatternNodeVisitor,61
weaver.patterns.PatternNode,58
weaver.patterns.ParserException,12
weaver.patterns.OrTypePattern,131
weaver.patterns.OrSignaturePattern,67
weaver.patterns.OrPointcut,101
weaver.patterns.OrAnnotationTypePattern,100
weaver.patterns.NoTypePattern,60
weaver.patterns.NotTypePattern,125
weaver.patterns.NotSignaturePattern,55
weaver.patterns.NotPointcut,84
weaver.patterns.NotAnnotationTypePattern,86
weaver.patterns.NamePattern,160
weaver.patterns.NameBindingPointcut,24
weaver.patterns.ModifiersPattern,76
weaver.patterns.KindedPointcut,350
weaver.patterns.IVerificationRequired,3
weaver.patterns.ITokenSource,10
weaver.patterns.IToken,9
weaver.patterns.ISignaturePattern,20
weaver.patterns.IScope,21
weaver.patterns.IfPointcut,459
weaver.patterns.HasThisTypePatternTriedToSneakInSomeGenericOrParameterizedTypePatternMatchingStuffAnywhereVisitor,20
weaver.patterns.HasMemberTypePatternForPerThisMatching,26
weaver.patterns.HasMemberTypePatternFinder,12
weaver.patterns.HasMemberTypePattern,148
weaver.patterns.HandlerPointcut,97
weaver.patterns.FormalBinding,46
weaver.patterns.FastMatchInfo,25
weaver.patterns.ExposedState,81
weaver.patterns.ExactTypePattern,281
weaver.patterns.ExactAnnotationTypePattern,375
weaver.patterns.ExactAnnotationFieldTypePattern,187
weaver.patterns.EllipsisTypePattern,55
weaver.patterns.DeclareTypeErrorOrWarning,93
weaver.patterns.DeclareSoft,107
weaver.patterns.DeclarePrecedence,157
weaver.patterns.DeclareParentsMixin,55
weaver.patterns.DeclareParents,274
weaver.patterns.DeclareErrorOrWarning,93
weaver.patterns.DeclareAnnotation,415
weaver.patterns.Declare,49
weaver.patterns.ConcreteCflowPointcut,140
weaver.patterns.CflowPointcut,219
weaver.patterns.BindingTypePattern,82
weaver.patterns.Bindings,97
weaver.patterns.BindingPattern,5
weaver.patterns.BindingAnnotationTypePattern,109
weaver.patterns.BindingAnnotationFieldTypePattern,119
weaver.patterns.BasicTokenSource,141
weaver.patterns.BasicToken,45
weaver.patterns.ArgsPointcut,220
weaver.patterns.ArgsAnnotationPointcut,157
weaver.patterns.AnyWithAnnotationTypePattern,104
weaver.patterns.AnyTypePattern,59
weaver.patterns.AnyAnnotationTypePattern,47
weaver.patterns.AnnotationTypePattern,113
weaver.patterns.AnnotationPointcut,212
weaver.patterns.AnnotationPatternList,172
weaver.patterns.AndTypePattern,130
weaver.patterns.AndSignaturePattern,67
weaver.patterns.AndPointcut,97
weaver.patterns.AndAnnotationTypePattern,100
weaver.patterns.AbstractSignaturePattern,55
weaver.patterns.AbstractPatternNodeVisitor,178
weaver.NewParentTypeMunger,45
weaver.NewMethodTypeMunger,108
weaver.NewMemberClassTypeMunger,61
weaver.NewFieldTypeMunger,118
weaver.NewConstructorTypeMunger,115
weaver.NameMangler,184
weaver.model.AsmRelationshipUtils,50
weaver.model.AsmRelationshipProvider,762
weaver.MissingResolvedTypeWithKnownSignature,154
weaver.MethodDelegateTypeMunger,187
weaver.MemberUtils,6
weaver.MemberKind,32
weaver.MemberImpl,391
weaver.Member,36
weaver.ltw.LTWWorld,168
weaver.loadtime.WeavingURLClassLoader,132
weaver.loadtime.Options,138
weaver.loadtime.JRockitAgent,48
weaver.loadtime.IWeavingContext,16
weaver.loadtime.definition.SimpleAOPParser,164
weaver.loadtime.definition.LightXMLParser,399
weaver.loadtime.definition.DocumentParser,304
weaver.loadtime.definition.Definition,159
weaver.loadtime.DefaultWeavingContext,76
weaver.loadtime.DefaultMessageHandler,47
weaver.loadtime.ConcreteAspectCodeGen,730
weaver.loadtime.ClassPreProcessor,5
weaver.loadtime.ClassLoaderWeavingAdaptor,758
weaver.loadtime.Aj,189
weaver.LintMessage,20
weaver.Lint,251
weaver.JoinPointSignatureIterator,216
weaver.JoinPointSignature,268
weaver.IWeavingSupport,14
weaver.IWeaveRequestor,9
weaver.IUnwovenClassFile,7
weaver.Iterators,262
weaver.ISourceContext,8
weaver.IntMap,102
weaver.internal.tools.TypePatternMatcherImpl,19
weaver.internal.tools.StandardPointcutExpressionImpl,192
weaver.internal.tools.PointcutExpressionImpl,361
weaver.internal.tools.PointcutDesignatorHandlerBasedPointcut,86
weaver.internal.tools.MatchingContextBasedTest,17
weaver.IHasSourceLocation,6
weaver.IHasPosition,5
weaver.IEclipseSourceContext,4
weaver.ICrossReferenceHandler,5
weaver.IClassWeaver,4
weaver.IClassFileProvider,8
weaver.GeneratedReferenceTypeDelegate,99
weaver.ExposeTypeMunger,13
weaver.EnumAnnotationValue,19
weaver.Dump,370
weaver.CustomMungerFactory,8
weaver.CrosscuttingMembersSet,314
weaver.CrosscuttingMembers,437
weaver.Constants,8
weaver.ConstantPoolWriter,4
weaver.ConstantPoolReader,4
weaver.ConcreteTypeMunger,93
weaver.CompressingDataOutputStream,45
weaver.ClassAnnotationValue,14
weaver.Checker,181
weaver.BoundedReferenceTypeDelegate,96
weaver.BoundedReferenceType,152
weaver.BindingScope,43
weaver.BCException,37
weaver.bcel.Utility,505
weaver.bcel.UnwovenClassFileWithThirdPartyManagedBytecode,14
weaver.bcel.UnwovenClassFile,124
weaver.bcel.TypeDelegateResolver,6
weaver.bcel.TypeAnnotationAccessVar,49
weaver.bcel.ShadowRange,146
weaver.bcel.Range,172
weaver.bcel.LazyMethodGen,1229
weaver.bcel.LazyClassGen,1127
weaver.bcel.IfFinder,35
weaver.bcel.FakeAnnotation,44
weaver.bcel.ExtensibleURLClassLoader,74
weaver.bcel.ExceptionRange,88
weaver.bcel.ClassPathManager,274
weaver.bcel.BcelWorld,941
weaver.bcel.BcelWeavingSupport,36
weaver.bcel.BcelWeaver,1457
weaver.bcel.BcelWeakClassLoaderReference,14
weaver.bcel.BcelVar,78
weaver.bcel.BcelTypeMunger,1552
weaver.bcel.BcelShadow,2211
weaver.bcel.BcelRenderer,176
weaver.bcel.BcelPerClauseAspectAdder,421
weaver.bcel.BcelObjectType,768
weaver.bcel.BcelMethod,570
weaver.bcel.BcelGenericSignatureToTypeXConverter,216
weaver.bcel.BcelFieldRef,26
weaver.bcel.BcelField,217
weaver.bcel.BcelConstantPoolWriter,11
weaver.bcel.BcelConstantPoolReader,12
weaver.bcel.BcelClassWeaver,2081
weaver.bcel.BcelCflowStackFieldAdder,52
weaver.bcel.BcelCflowCounterFieldAdder,51
weaver.bcel.BcelCflowAccessVar,48
weaver.bcel.BcelAnnotation,101
weaver.bcel.BcelAdvice,540
weaver.bcel.BcelAccessForInlineMunger,251
weaver.bcel.AtAjAttributes,1281
weaver.bcel.AspectInstanceVar,53
weaver.bcel.asm.StackMapAdder,60
weaver.bcel.asm.AsmDetector,15
weaver.bcel.AnnotationAccessVar,201
weaver.bcel.AnnotationAccessFieldVar,150
weaver.ast.Var,22
weaver.ast.Test,63
weaver.ast.Or,35
weaver.ast.Not,28
weaver.ast.Literal,18
weaver.ast.ITestVisitor,13
weaver.ast.Instanceof,34
weaver.ast.IExprVisitor,6
weaver.ast.HasAnnotation,35
weaver.ast.FieldGetCall,25
weaver.ast.FieldGet,24
weaver.ast.Expr,14
weaver.ast.CallExpr,26
weaver.ast.Call,20
weaver.ast.ASTNode,6
weaver.ast.And,29
weaver.ArrayReferenceType,146
weaver.ArrayAnnotationValue,39
weaver.AnnotationValue,53
weaver.AnnotationTargetKind,39
weaver.AnnotationOnTypeMunger,31
weaver.AnnotationNameValuePair,28
weaver.AnnotationAnnotationValue,17
weaver.AnnotationAJ,19
weaver.AnnotatedElement,6
weaver.AjcMemberMaker,458
weaver.AjAttribute,534
weaver.AdviceKind,91
weaver.Advice,360
weaver.AbstractReferenceTypeDelegate,111
weaver.AbstractAnnotationAJ,83
util.UtilClassLoader,103
util.TypeSafeEnum,25
util.Reflection,139
util.PartialOrder,131
util.LangUtil,735
util.IStructureModel,3
util.GenericSignatureParser,343
util.GenericSignature,192
util.FuzzyBoolean,121
util.FileUtil,1020
tools.ant.taskdefs.ICommandEditor,4
tools.ant.taskdefs.compilers.Ajc,130
tools.ant.taskdefs.Ajdoc,653
tools.ant.taskdefs.AjcTask,1509
tools.ant.taskdefs.AjcCompilerAdapter,79
tools.ant.taskdefs.Ajc2,237
tools.ant.taskdefs.Ajc11CompilerAdapter,63
tools.ant.taskdefs.Ajc10,435
tools.ajdoc.Util,7
tools.ajdoc.StubFileGenerator,160
tools.ajdoc.StructureUtil,133
tools.ajdoc.Main,623
tools.ajdoc.JavadocRunner,41
tools.ajdoc.HtmlDecorator,723
tools.ajdoc.DocException,7
tools.ajdoc.Config,32
tools.ajdoc.CompilerWrapper,17
tools.ajc.Main,563
tools.ajbrowser.ui.swing.TopFrame,518
tools.ajbrowser.ui.swing.MessageHandlerPanel,63
tools.ajbrowser.ui.swing.BrowserOptionsPanel,131
tools.ajbrowser.ui.EditorManager,120
tools.ajbrowser.ui.BrowserUIAdapter,8
tools.ajbrowser.ui.BrowserRuntimeProperties,16
tools.ajbrowser.ui.BrowserMessageHandler,63
tools.ajbrowser.ui.BasicEditor,127
tools.ajbrowser.Main,41
tools.ajbrowser.core.PreferenceStoreConstants,8
tools.ajbrowser.core.BrowserOutputLocationManager,48
tools.ajbrowser.core.BrowserErrorHandler,31
tools.ajbrowser.core.BrowserCompilerConfiguration,76
tools.ajbrowser.core.BrowserBuildProgressMonitor,59
tools.ajbrowser.BrowserManager,154
testing.xml.XMLWriter,224
testing.xml.SoftSourceLocation,85
testing.xml.SoftMessage,240
testing.xml.MessageListXmlReader,118
testing.xml.IXmlWritable,4
testing.xml.AjcSpecXmlReader,303
testing.Utils,57
testing.util.WebInstall,120
testing.util.ValidFileFilter,90
testing.util.UtilLineReader,125
testing.util.TestUtil,713
testing.util.TestDiffs,248
testing.util.TestClassLoader,116
testing.util.StructureModelUtil,104
testing.util.StringVisitor,4
testing.util.StringAccumulator,43
testing.util.StreamSniffer,43
testing.util.StreamsHandler,105
testing.util.StandardObjectChecker,50
testing.util.SFileReader,111
testing.util.RunUtils,292
testing.util.ProxyPrintStream,87
testing.util.options.Values,514
testing.util.options.Options,100
testing.util.options.Option,442
testing.util.ObjectChecker,22
testing.util.NullPrintStream,65
testing.util.Node,93
testing.util.LinkCheck,440
testing.util.LineReader,123
testing.util.LangUtil,745
testing.util.IteratorWrapper,91
testing.util.IntValidator,4
testing.util.IntRange,57
testing.util.FileUtil,516
testing.util.Diffs,353
testing.util.CollectorFileFilter,41
testing.util.BridgeUtil,346
testing.util.AccumulatingFileFilter,23
testing.Tester,413
testing.taskdefs.AjcTaskCompileCommand,208
testing.server.TestServer,146
testing.run.WrappedRunIterator,32
testing.run.RunValidator,120
testing.run.RunStatus,246
testing.run.Runner,308
testing.run.RunListeners,52
testing.run.RunListener,50
testing.run.RunIterator,75
testing.run.IRunValidator,4
testing.run.IRunStatus,35
testing.run.IRunListener,6
testing.run.IRunIterator,8
testing.run.IRun,19
testing.harness.bridge.Validator,342
testing.harness.bridge.Sandbox,296
testing.harness.bridge.RunSpecIterator,140
testing.harness.bridge.JavaRun,704
testing.harness.bridge.IRunSpec,6
testing.harness.bridge.IncCompilerRun,275
testing.harness.bridge.IAjcRun,23
testing.harness.bridge.Globals,100
testing.harness.bridge.FlatSuiteReader,278
testing.harness.bridge.DirChanges,267
testing.harness.bridge.CompilerRun,1257
testing.harness.bridge.AjcTest,398
testing.harness.bridge.AjcMessageHandler,231
testing.harness.bridge.AbstractRunSpec,604
testing.Harness,7
testing.drivers.Harness,1041
testing.ajde.CompileCommand,310
systemtest.xlint.XLintTests,110
systemtest.xlint.XLint5Tests,18
systemtest.tracing.TracingTests,33
systemtest.serialVerUID.SUIDTests,63
systemtest.purejava.PureJavaTests,735
systemtest.pre10x.AjcPre10xTests,228
systemtest.options.OptionsTests,24
systemtest.model.ModelTests,55
systemtest.model.ModelTestCase,128
systemtest.model.Model5Tests,43
systemtest.knownlimitations.KnownLimitationsTests,99
systemtest.knownfailures.KnownfailuresTests,15
systemtest.java14.Java14Tests,76
systemtest.inpath.InPathTests,60
systemtest.incremental.tools.OutputLocationManagerTests,113
systemtest.incremental.tools.MultiProjTestOutputLocationManager,82
systemtest.incremental.tools.MultiProjTestMessageHandler,99
systemtest.incremental.tools.MultiProjTestCompilerConfiguration,184
systemtest.incremental.tools.MultiProjTestBuildProgressMonitor,60
systemtest.incremental.tools.MultiProjectIncrementalTests,2651
systemtest.incremental.tools.MoreOutputLocationManagerTests,198
systemtest.incremental.tools.IncrementalPerformanceTests,90
systemtest.incremental.tools.IncrementalOutputLocationManagerTests,71
systemtest.incremental.tools.IncrementalCompilationTests,537
systemtest.incremental.tools.CompilerFactory,29
systemtest.incremental.tools.AjdeInteractionTestbedLauncher,20
systemtest.incremental.tools.AjdeInteractionTestbed,417
systemtest.incremental.tools.AbstractMultiProjectIncrementalAjdeInteractionTestbed,192
systemtest.incremental.model.IncrementalModelTests,100
systemtest.incremental.IncrementalTests,249
systemtest.design.DesignTests,51
systemtest.bringup.BringUpTests,17
systemtest.base.BaseTests,132
systemtest.aspectpath.AspectPathTests,75
systemtest.AllTests17,13
systemtest.AllTests16,33
systemtest.AllTests15,36
systemtest.AllTests14,12
systemtest.AllTests,43
systemtest.ajc170.IndyTests,26
systemtest.ajc170.AllTestsAspectJ170,10
systemtest.ajc170.Ajc170Tests,197
systemtest.ajc169.TransparentWeavingTests,161
systemtest.ajc169.IntertypeTests,109
systemtest.ajc169.AllTestsAspectJ169,12
systemtest.ajc169.Ajc169Tests,147
systemtest.ajc167.OverweavingTests,41
systemtest.ajc167.IntertypeTests,29
systemtest.ajc167.AllTestsAspectJ167,11
systemtest.ajc167.Ajc167Tests,42
systemtest.ajc166.AllTestsAspectJ166,10
systemtest.ajc166.Ajc166Tests,59
systemtest.ajc165.WorldTests,21
systemtest.ajc165.AllTestsAspectJ165,10
systemtest.ajc165.Ajc165Tests,67
systemtest.ajc164.JointpointIdTests,14
systemtest.ajc164.DeclareMixinTests,71
systemtest.ajc164.AllTestsAspectJ164,12
systemtest.ajc164.Ajc164Tests,298
systemtest.ajc163.AllTestsAspectJ163,10
systemtest.ajc163.Ajc163Tests,229
systemtest.ajc162.AllTestsAspectJ162,10
systemtest.ajc162.Ajc162Tests,119
systemtest.ajc1612.AllTestsAspectJ1612,10
systemtest.ajc1612.Ajc1612Tests,268
systemtest.ajc1611.NewFeatures,47
systemtest.ajc1611.AllTestsAspectJ1611,11
systemtest.ajc1611.Ajc1611Tests,74
systemtest.ajc1610.NewFeatures,121
systemtest.ajc1610.AllTestsAspectJ1610,11
systemtest.ajc1610.Ajc1610Tests,33
systemtest.ajc161.OptimizedAnnotationFieldBinding,48
systemtest.ajc161.AllTestsAspectJ161,11
systemtest.ajc161.Ajc161Tests,145
systemtest.ajc160.SanityTests,105
systemtest.ajc160.ParameterAnnotationMatchingTests,19
systemtest.ajc160.NewFeatures,14
systemtest.ajc160.AnnotationValueMatchingTests,31
systemtest.ajc160.AllTestsAspectJ160,14
systemtest.ajc160.Ajc160Tests,89
systemtest.ajc154.CustomMungerExtensionTest,100
systemtest.ajc154.AllTestsAspectJ154,10
systemtest.ajc154.Ajc154Tests,253
systemtest.ajc153.PipeliningTests,40
systemtest.ajc153.LTWServer153Tests,15
systemtest.ajc153.JDTLikeHandleProviderTests,377
systemtest.ajc153.AllTestsAspectJ153,13
systemtest.ajc153.Ajc153Tests,361
systemtest.ajc152.SynchronizationTransformTests,212
systemtest.ajc152.SynchronizationTests,111
systemtest.ajc152.AllTestsAspectJ152,12
systemtest.ajc152.Ajc152Tests,258
systemtest.ajc151.SerialVersionUIDTests,16
systemtest.ajc151.NewarrayJoinpointTests,68
systemtest.ajc151.AtAroundTests,42
systemtest.ajc151.AllTestsAspectJ151,13
systemtest.ajc151.Ajc151Tests,196
systemtest.ajc150.VarargsTests,38
systemtest.ajc150.SuppressedWarnings,23
systemtest.ajc150.StaticImports,15
systemtest.ajc150.SCCSFixTests,40
systemtest.ajc150.RuntimeAnnotations,99
systemtest.ajc150.PerTypeWithinTests,41
systemtest.ajc150.MigrationTests,14
systemtest.ajc150.ltw.LTWTests,144
systemtest.ajc150.ltw.LTWServerTests,18
systemtest.ajc150.HasMember,29
systemtest.ajc150.GenericsTests,611
systemtest.ajc150.GenericITDsDesign,175
systemtest.ajc150.Enums,23
systemtest.ajc150.DeclareAnnotationTests,200
systemtest.ajc150.CovarianceTests,46
systemtest.ajc150.Autoboxing,42
systemtest.ajc150.ataspectj.coverage.CoverageTests,30
systemtest.ajc150.ataspectj.AtAjSyntaxTests,91
systemtest.ajc150.ataspectj.AtAjMisuseTests,36
systemtest.ajc150.ataspectj.AtAjLTWTests,157
systemtest.ajc150.ataspectj.AtAjAnnotationGenTests,102
systemtest.ajc150.AnnotationsBinaryWeaving,20
systemtest.ajc150.Annotations,110
systemtest.ajc150.AnnotationRuntimeTests,27
systemtest.ajc150.AnnotationPointcutsTests,23
systemtest.ajc150.AnnotationBinding,229
systemtest.ajc150.AllTestsAspectJ150,40
systemtest.ajc150.Ajc150Tests,746
systemtest.ajc150.AccBridgeMethods,14
systemtest.ajc121.Ajc121Tests,241
systemtest.ajc120.Ajc120Tests,180
systemtest.ajc11.Ajc11Tests,348
systemtest.ajc10x.Ajc10xTests,867
runtime.reflect.UnlockSignatureImpl,21
runtime.reflect.StringMaker,106
runtime.reflect.SourceLocationImpl,19
runtime.reflect.SignatureImpl,177
runtime.reflect.MethodSignatureImpl,75
runtime.reflect.MemberSignatureImpl,10
runtime.reflect.LockSignatureImpl,21
runtime.reflect.JoinPointImpl,150
runtime.reflect.InitializerSignatureImpl,35
runtime.reflect.FieldSignatureImpl,40
runtime.reflect.Factory,317
runtime.reflect.ConstructorSignatureImpl,33
runtime.reflect.CodeSignatureImpl,30
runtime.reflect.CatchClauseSignatureImpl,27
runtime.reflect.AdviceSignatureImpl,55
runtime.internal.PerObjectMap,3
runtime.internal.Conversions,118
runtime.internal.cflowstack.ThreadStackImpl11,37
runtime.internal.cflowstack.ThreadStackFactoryImpl11,9
runtime.internal.cflowstack.ThreadStackFactoryImpl,32
runtime.internal.cflowstack.ThreadStackFactory,5
runtime.internal.cflowstack.ThreadStack,5
runtime.internal.cflowstack.ThreadCounterImpl11,51
runtime.internal.cflowstack.ThreadCounter,5
runtime.internal.CFlowStack,88
runtime.internal.CFlowPlusState,14
runtime.internal.CFlowCounter,52
runtime.internal.AroundClosure,31
runtime.CFlow,19
profiling.LTWApp,49
org.eclipse.jdt.core.dom.WildTypePattern,29
org.eclipse.jdt.core.dom.TypePattern,21
org.eclipse.jdt.core.dom.TypeCategoryTypePattern,73
org.eclipse.jdt.core.dom.SignaturePattern,44
org.eclipse.jdt.core.dom.ReferencePointcut,76
org.eclipse.jdt.core.dom.PointcutDesignator,13
org.eclipse.jdt.core.dom.PointcutDeclaration,196
org.eclipse.jdt.core.dom.PerTypeWithin,40
org.eclipse.jdt.core.dom.PerObject,75
org.eclipse.jdt.core.dom.PerCflow,75
org.eclipse.jdt.core.dom.PatternNode,12
org.eclipse.jdt.core.dom.OrTypePattern,38
org.eclipse.jdt.core.dom.OrPointcut,93
org.eclipse.jdt.core.dom.NoTypePattern,32
org.eclipse.jdt.core.dom.NotTypePattern,41
org.eclipse.jdt.core.dom.NotPointcut,67
org.eclipse.jdt.core.dom.InterTypeMethodDeclaration,67
org.eclipse.jdt.core.dom.InterTypeFieldDeclaration,42
org.eclipse.jdt.core.dom.IdentifierTypePattern,44
org.eclipse.jdt.core.dom.HasMemberTypePattern,41
org.eclipse.jdt.core.dom.FormalBinding,55
org.eclipse.jdt.core.dom.ExactTypePattern,26
org.eclipse.jdt.core.dom.EllipsisTypePattern,30
org.eclipse.jdt.core.dom.DefaultTypePattern,44
org.eclipse.jdt.core.dom.DefaultPointcut,43
org.eclipse.jdt.core.dom.DeclareWarningDeclaration,125
org.eclipse.jdt.core.dom.DeclareSoftDeclaration,125
org.eclipse.jdt.core.dom.DeclarePrecedenceDeclaration,95
org.eclipse.jdt.core.dom.DeclareParentsDeclaration,145
org.eclipse.jdt.core.dom.DeclareErrorDeclaration,125
org.eclipse.jdt.core.dom.DeclareDeclaration,19
org.eclipse.jdt.core.dom.DeclareAtTypeDeclaration,96
org.eclipse.jdt.core.dom.DeclareAtMethodDeclaration,96
org.eclipse.jdt.core.dom.DeclareAtFieldDeclaration,96
org.eclipse.jdt.core.dom.DeclareAtConstructorDeclaration,96
org.eclipse.jdt.core.dom.DeclareAnnotationDeclaration,50
org.eclipse.jdt.core.dom.CflowPointcut,74
org.eclipse.jdt.core.dom.BindingTypePattern,45
org.eclipse.jdt.core.dom.BeforeAdviceDeclaration,36
org.eclipse.jdt.core.dom.AspectDeclaration,146
org.eclipse.jdt.core.dom.AroundAdviceDeclaration,183
org.eclipse.jdt.core.dom.AnyWithAnnotationTypePattern,30
org.eclipse.jdt.core.dom.AnyTypePattern,30
org.eclipse.jdt.core.dom.AndTypePattern,36
org.eclipse.jdt.core.dom.AndPointcut,97
org.eclipse.jdt.core.dom.AjTypeDeclaration,104
org.eclipse.jdt.core.dom.AjNaiveASTFlattener,1310
org.eclipse.jdt.core.dom.AjASTVisitor,214
org.eclipse.jdt.core.dom.AjASTMatcher,307
org.eclipse.jdt.core.dom.AjASTConverter,3621
org.eclipse.jdt.core.dom.AjAST,166
org.eclipse.jdt.core.dom.AfterThrowingAdviceDeclaration,100
org.eclipse.jdt.core.dom.AfterReturningAdviceDeclaration,100
org.eclipse.jdt.core.dom.AfterAdviceDeclaration,36
org.eclipse.jdt.core.dom.AdviceDeclaration,142
org.eclipse.jdt.core.dom.AbstractBooleanTypePattern,21
lib.tracing.TraceJoinPointsBase,3
lib.tracing.TraceJoinPoints,6
lib.pointcuts.Pointcuts,97
lang.SoftException,41
lang.Signature,10
lang.reflect.UnlockSignature,4
lang.reflect.SourceLocation,7
lang.reflect.MethodSignature,6
lang.reflect.MemberSignature,4
lang.reflect.LockSignature,4
lang.reflect.InitializerSignature,5
lang.reflect.FieldSignature,6
lang.reflect.ConstructorSignature,5
lang.reflect.CodeSignature,6
lang.reflect.CatchClauseSignature,6
lang.reflect.AdviceSignature,6
lang.ProceedingJoinPoint,7
lang.NoAspectBoundException,12
lang.JoinPoint,37
lang.internal.lang.PlaceHolder,4
lang.Aspects14,102
internal.tools.build.Util,335
internal.tools.build.SampleGatherer,838
internal.tools.build.Result,269
internal.tools.build.ProductModule,38
internal.tools.build.Modules,36
internal.tools.build.Module,555
internal.tools.build.Messager,18
internal.tools.build.BuildSpec,47
internal.tools.build.Builder,418
internal.tools.ant.taskdefs.VersionUptodate,87
internal.tools.ant.taskdefs.TestBuildModule,53
internal.tools.ant.taskdefs.StripNonBodyHtml,178
internal.tools.ant.taskdefs.MainWrapper,108
internal.tools.ant.taskdefs.CopyAndInlineStylesheet,84
internal.tools.ant.taskdefs.ConditionalTask,156
internal.tools.ant.taskdefs.Checklics,535
internal.tools.ant.taskdefs.BuildModule,120
internal.tools.ant.taskdefs.AntBuilder,548
internal.tools.ant.taskdefs.AJPush,62
internal.tools.ant.taskdefs.AJInstaller,278
internal.tools.ant.taskdefs.Ajctest,1594
bridge.WeaveMessage,58
bridge.Version,37
bridge.SourceLocation,130
bridge.ReflectionFactory,66
bridge.MessageWriter,34
bridge.MessageUtil,714
bridge.MessageHandler,149
bridge.Message,106
bridge.ISourceLocation,16
bridge.IProgressListener,7
bridge.IMessageHolder,11
bridge.IMessageHandler,29
bridge.IMessageContext,4
bridge.IMessage,65
bridge.ILifecycleAware,5
bridge.ICommand,5
bridge.CountingMessageHandler,96
bridge.context.PinpointingMessageHandler,70
bridge.context.ContextToken,2
bridge.context.ContextFormatter,4
bridge.context.CompilationAndWeavingContext,181
bridge.Constants,6
bridge.AbortException,130
asm.IRelationshipMap,19
asm.IRelationship,57
asm.IProgramElement,263
asm.internal.RelationshipMap,102
asm.internal.Relationship,48
asm.internal.ProgramElement,676
asm.internal.NameConvertor,170
asm.internal.JDTLikeHandleProvider,374
asm.internal.HandleProviderDelimiter,109
asm.internal.CharOperation,150
asm.internal.AspectJElementHierarchy,480
asm.IModelFilter,5
asm.IHierarchyListener,5
asm.IHierarchy,35
asm.IElementHandleProvider,12
asm.HierarchyWalker,15
asm.AsmManager,846
apache.bcel.util.SyntheticRepository,77
apache.bcel.util.Repository,10
apache.bcel.util.NonCachingClassLoaderRepository,153
apache.bcel.util.DefaultClassLoaderReference,10
apache.bcel.util.ClassPath,188
apache.bcel.util.ClassLoaderRepository,248
apache.bcel.util.ClassLoaderReference,4
apache.bcel.util.ByteSequence,16
apache.bcel.Repository,58
apache.bcel.generic.Type,351
apache.bcel.generic.TargetLostException,9
apache.bcel.generic.Tag,21
apache.bcel.generic.TABLESWITCH,40
apache.bcel.generic.SwitchBuilder,79
apache.bcel.generic.ReturnaddressType,22
apache.bcel.generic.RET,55
apache.bcel.generic.ReferenceType,131
apache.bcel.generic.ObjectType,63
apache.bcel.generic.MULTIANEWARRAY,55
apache.bcel.generic.MethodGen,680
apache.bcel.generic.LOOKUPSWITCH,33
apache.bcel.generic.LocalVariableTag,67
apache.bcel.generic.LocalVariableGen,97
apache.bcel.generic.LineNumberTag,20
apache.bcel.generic.LineNumberGen,39
apache.bcel.generic.INVOKEINTERFACE,40
apache.bcel.generic.InvokeInstruction,38
apache.bcel.generic.InvokeDynamic,56
apache.bcel.generic.InstVisitor,183
apache.bcel.generic.InstructionTargeter,5
apache.bcel.generic.InstructionShort,27
apache.bcel.generic.InstructionSelect,129
apache.bcel.generic.InstructionLV,183
apache.bcel.generic.InstructionList,684
apache.bcel.generic.InstructionHandle,74
apache.bcel.generic.InstructionFactory,548
apache.bcel.generic.InstructionCP,124
apache.bcel.generic.InstructionConstants,289
apache.bcel.generic.InstructionCLV,17
apache.bcel.generic.InstructionByte,32
apache.bcel.generic.InstructionBranch,174
apache.bcel.generic.Instruction,278
apache.bcel.generic.IINC,49
apache.bcel.generic.FieldOrMethod,50
apache.bcel.generic.FieldInstruction,38
apache.bcel.generic.FieldGenOrMethodGen,75
apache.bcel.generic.FieldGen,128
apache.bcel.generic.CodeExceptionGen,72
apache.bcel.generic.ClassGenException,5
apache.bcel.generic.ClassGen,428
apache.bcel.generic.BranchHandle,35
apache.bcel.generic.BasicType,37
apache.bcel.generic.ArrayType,53
apache.bcel.ExceptionConstants,52
apache.bcel.ConstantsInitializer,295
apache.bcel.Constants,483
apache.bcel.classfile.Utility,711
apache.bcel.classfile.Unknown,57
apache.bcel.classfile.Synthetic,46
apache.bcel.classfile.StackMapType,59
apache.bcel.classfile.StackMapEntry,91
apache.bcel.classfile.StackMap,52
apache.bcel.classfile.SourceFile,41
apache.bcel.classfile.SimpleConstant,4
apache.bcel.classfile.Signature,136
apache.bcel.classfile.Node,4
apache.bcel.classfile.Modifiers,57
apache.bcel.classfile.Method,151
apache.bcel.classfile.LocalVariableTypeTable,60
apache.bcel.classfile.LocalVariableTable,92
apache.bcel.classfile.LocalVariable,97
apache.bcel.classfile.LineNumberTable,118
apache.bcel.classfile.LineNumber,38
apache.bcel.classfile.JavaClass,495
apache.bcel.classfile.InnerClasses,48
apache.bcel.classfile.InnerClass,85
apache.bcel.classfile.FieldOrMethod,102
apache.bcel.classfile.Field,50
apache.bcel.classfile.ExceptionTable,62
apache.bcel.classfile.EnclosingMethod,43
apache.bcel.classfile.Deprecated,43
apache.bcel.classfile.ConstantValue,55
apache.bcel.classfile.ConstantUtf8,37
apache.bcel.classfile.ConstantString,39
apache.bcel.classfile.ConstantPool,550
apache.bcel.classfile.ConstantObject,4
apache.bcel.classfile.ConstantNameAndType,47
apache.bcel.classfile.ConstantMethodType,35
apache.bcel.classfile.ConstantMethodref,20
apache.bcel.classfile.ConstantMethodHandle,38
apache.bcel.classfile.ConstantLong,35
apache.bcel.classfile.ConstantInvokeDynamic,38
apache.bcel.classfile.ConstantInterfaceMethodref,20
apache.bcel.classfile.ConstantInteger,38
apache.bcel.classfile.ConstantFloat,35
apache.bcel.classfile.ConstantFieldref,20
apache.bcel.classfile.ConstantDouble,35
apache.bcel.classfile.ConstantCP,35
apache.bcel.classfile.ConstantClass,39
apache.bcel.classfile.Constant,67
apache.bcel.classfile.CodeException,72
apache.bcel.classfile.Code,170
apache.bcel.classfile.ClassVisitor,50
apache.bcel.classfile.ClassParser,113
apache.bcel.classfile.ClassFormatException,5
apache.bcel.classfile.BootstrapMethods,107
apache.bcel.classfile.AttributeUtils,85
apache.bcel.classfile.Attribute,103
apache.bcel.classfile.AnnotationDefault,27
apache.bcel.classfile.annotation.SimpleElementValue,272
apache.bcel.classfile.annotation.RuntimeVisParamAnnos,25
apache.bcel.classfile.annotation.RuntimeVisAnnos,30
apache.bcel.classfile.annotation.RuntimeParamAnnos,89
apache.bcel.classfile.annotation.RuntimeInvisParamAnnos,25
apache.bcel.classfile.annotation.RuntimeInvisAnnos,30
apache.bcel.classfile.annotation.RuntimeAnnos,66
apache.bcel.classfile.annotation.NameValuePair,47
apache.bcel.classfile.annotation.EnumElementValue,66
apache.bcel.classfile.annotation.ElementValue,96
apache.bcel.classfile.annotation.ClassElementValue,41
apache.bcel.classfile.annotation.ArrayElementValue,58
apache.bcel.classfile.annotation.AnnotationGen,131
apache.bcel.classfile.annotation.AnnotationElementValue,49
aopalliance.MethodInvocationClosure,14
aopalliance.JoinPointClosure,18
aopalliance.InvocationJoinPointClosure,31
aopalliance.ConstructorInvocationClosure,13
ajdt.internal.core.builder.StatefulNameEnvironment,95
ajdt.internal.core.builder.IStateListener,12
ajdt.internal.core.builder.IncrementalStateManager,104
ajdt.internal.core.builder.EmacsStructureModelManager,132
ajdt.internal.core.builder.EclipseSourceContext,78
ajdt.internal.core.builder.EclipseClassPathManager,77
ajdt.internal.core.builder.EclipseAdapterUtils,140
ajdt.internal.core.builder.CompilerConfigurationChangeFlags,16
ajdt.internal.core.builder.CompactTypeStructureRepresentation,119
ajdt.internal.core.builder.AspectJBuilder,173
ajdt.internal.core.builder.AsmHierarchyBuilder,801
ajdt.internal.core.builder.AsmElementFormatter,401
ajdt.internal.core.builder.AjState,1390
ajdt.internal.core.builder.AjIncrementalImageBuilder,15
ajdt.internal.core.builder.AjCompilerOptions,242
ajdt.internal.core.builder.AjBuildNotifier,25
ajdt.internal.core.builder.AjBuildManager,1055
ajdt.internal.core.builder.AjBuildConfig,483
ajdt.internal.core.builder.AjBatchImageBuilder,15
ajdt.internal.core.builder.AbstractStateListener,12
ajdt.internal.compiler.WeaverMessageHandler,176
ajdt.internal.compiler.WeaverAdapter,157
ajdt.internal.compiler.problem.AjProblemReporter,526
ajdt.internal.compiler.parser.DeclarationFactory,156
ajdt.internal.compiler.lookup.SimpleSyntheticAccessMethodBinding,8
ajdt.internal.compiler.lookup.PushinCollector,274
ajdt.internal.compiler.lookup.PrivilegedHandler,108
ajdt.internal.compiler.lookup.PrivilegedFieldBinding,45
ajdt.internal.compiler.lookup.PointcutBinding,14
ajdt.internal.compiler.lookup.InterTypeScope,86
ajdt.internal.compiler.lookup.InterTypeMethodBinding,109
ajdt.internal.compiler.lookup.IntertypeMemberTypeFinder,26
ajdt.internal.compiler.lookup.InterTypeMemberFinder,226
ajdt.internal.compiler.lookup.InterTypeFieldBinding,82
ajdt.internal.compiler.lookup.InlineAccessFieldBinding,39
ajdt.internal.compiler.lookup.HelperInterfaceBinding,77
ajdt.internal.compiler.lookup.EclipseTypeMunger,209
ajdt.internal.compiler.lookup.EclipseSourceType,839
ajdt.internal.compiler.lookup.EclipseSourceLocation,125
ajdt.internal.compiler.lookup.EclipseShadow,140
ajdt.internal.compiler.lookup.EclipseScope,159
ajdt.internal.compiler.lookup.EclipseResolvedMember,344
ajdt.internal.compiler.lookup.EclipseFactory,800
ajdt.internal.compiler.lookup.EclipseAnnotationConvertor,187
ajdt.internal.compiler.lookup.AjTypeConstants,44
ajdt.internal.compiler.lookup.AjLookupEnvironment,887
ajdt.internal.compiler.ITDMethodPrinter,64
ajdt.internal.compiler.ITDFieldPrinter,48
ajdt.internal.compiler.ITDConstructorPrinter,67
ajdt.internal.compiler.IOutputClassFileNameProvider,5
ajdt.internal.compiler.InterimCompilationResult,41
ajdt.internal.compiler.IIntermediateResultsRequestor,4
ajdt.internal.compiler.IBinarySourceProvider,5
ajdt.internal.compiler.DeclareAnnotationsPrinter,0
ajdt.internal.compiler.CompilationResultDestinationManager,19
ajdt.internal.compiler.CommonPrinter,1096
ajdt.internal.compiler.ClassFileBasedByteCodeProvider,30
ajdt.internal.compiler.ast.ValidateAtAspectJAnnotationsVisitor,610
ajdt.internal.compiler.ast.ThisJoinPointVisitor,180
ajdt.internal.compiler.ast.SuperFixerVisitor,116
ajdt.internal.compiler.ast.PseudoTokens,126
ajdt.internal.compiler.ast.PseudoToken,48
ajdt.internal.compiler.ast.ProceedVisitor,138
ajdt.internal.compiler.ast.Proceed,100
ajdt.internal.compiler.ast.PointcutDesignator,83
ajdt.internal.compiler.ast.PointcutDeclaration,200
ajdt.internal.compiler.ast.MakeDeclsPublicVisitor,35
ajdt.internal.compiler.ast.KnownMessageSend,35
ajdt.internal.compiler.ast.KnownFieldReference,26
ajdt.internal.compiler.ast.InterTypeMethodDeclaration,283
ajdt.internal.compiler.ast.IntertypeMemberClassDeclaration,126
ajdt.internal.compiler.ast.InterTypeFieldDeclaration,304
ajdt.internal.compiler.ast.InterTypeDeclaration,316
ajdt.internal.compiler.ast.InterTypeConstructorDeclaration,257
ajdt.internal.compiler.ast.InterSuperReference,15
ajdt.internal.compiler.ast.InterSuperFixerVisitor,66
ajdt.internal.compiler.ast.IfPseudoToken,71
ajdt.internal.compiler.ast.IfMethodDeclaration,59
ajdt.internal.compiler.ast.EclipseConstantPoolWriter,12
ajdt.internal.compiler.ast.EclipseAttributeAdapter,16
ajdt.internal.compiler.ast.DeclareDeclaration,130
ajdt.internal.compiler.ast.DeclareAnnotationDeclaration,81
ajdt.internal.compiler.ast.AtAspectJAnnotationFactory,255
ajdt.internal.compiler.ast.AstUtil,242
ajdt.internal.compiler.ast.AspectDeclaration,966
ajdt.internal.compiler.ast.AspectClinit,84
ajdt.internal.compiler.ast.AjMethodDeclaration,40
ajdt.internal.compiler.ast.AjConstructorDeclaration,29
ajdt.internal.compiler.ast.AdviceDeclaration,320
ajdt.internal.compiler.ast.AddAtAspectJAnnotationsVisitor,46
ajdt.internal.compiler.ast.AccessForInlineVisitor,216
ajdt.internal.compiler.AjPipeliningCompilerAdapter,476
ajdt.internal.compiler.AjCompilerAdapter,235
ajdt.internal.compiler.AjCompiler,0
ajdt.internal.compiler.AjClassFile,16
ajdt.internal.compiler.AbstractCompilerAdapter,20
ajdt.core.dom.AjTypeDeclFactory,10
ajdt.core.dom.AjASTFactory,9
ajdt.core.dom.AjASTConverterFactory,11
ajdt.core.AspectJCore,29
ajdt.compiler.IAjTerminalSymbols,4
ajdt.ajc.ConfigParser,302
ajdt.ajc.BuildArgParser,599
ajdt.ajc.AjdtCommand,94
ajde.ui.UserPreferencesAdapter,12
ajde.ui.swing.UpdateConfigurationDialog,177
ajde.ui.swing.TreeViewBuildConfigEditor,215
ajde.ui.swing.SwingTreeViewNodeRenderer,62
ajde.ui.swing.SwingTreeViewNodeFactory,26
ajde.ui.swing.SwingTreeViewNode,75
ajde.ui.swing.StructureViewTreeListener,31
ajde.ui.swing.StructureViewPanel,92
ajde.ui.swing.StructureTreeManager,136
ajde.ui.swing.StructureTree,32
ajde.ui.swing.SimpleStructureViewToolPanel,214
ajde.ui.swing.PointcutWizard,30
ajde.ui.swing.OptionsPanel,7
ajde.ui.swing.OptionsFrame,222
ajde.ui.swing.MultiStructureViewPanel,28
ajde.ui.swing.GoToLineThread,52
ajde.ui.swing.ErrorDialog,85
ajde.ui.swing.DefaultBuildProgressMonitor,39
ajde.ui.swing.CompilerMessagesCellRenderer,57
ajde.ui.swing.BuildProgressPanel,81
ajde.ui.swing.BuildConfigPopupMenu,32
ajde.ui.swing.BrowserViewTreeListener,72
ajde.ui.swing.BrowserViewPanel,101
ajde.ui.swing.BrowserViewManager,39
ajde.ui.swing.BrowserView,251
ajde.ui.swing.BrowserStructureViewToolPanel,281
ajde.ui.swing.AjdeWidgetStyles,15
ajde.ui.swing.AJButtonMenuCombo,109
ajde.ui.StructureViewRenderer,7
ajde.ui.StructureViewProperties,171
ajde.ui.StructureViewNodeFactory,58
ajde.ui.StructureViewManager,128
ajde.ui.StructureView,61
ajde.ui.StructureSearchManager,34
ajde.ui.javaoptions.JavaOtherOptionsPanel,83
ajde.ui.javaoptions.JavaDebugOptionsPanel,109
ajde.ui.javaoptions.JavaComplianceOptionsPanel,102
ajde.ui.javaoptions.JavaCompilerWarningsOptionsPanel,103
ajde.ui.javaoptions.JavaBuildOptions,103
ajde.ui.IStructureViewNode,33
ajde.ui.InvalidResourceException,10
ajde.ui.internal.UserPreferencesStore,120
ajde.ui.internal.TreeStructureViewBuilder,195
ajde.ui.internal.NavigationHistoryModel,24
ajde.ui.GlobalViewProperties,23
ajde.ui.GlobalStructureView,14
ajde.ui.FileStructureView,20
ajde.ui.BuildConfigNode,126
ajde.ui.BuildConfigModel,103
ajde.ui.BuildConfigEditor,5
ajde.ui.AbstractIconRegistry,112
ajde.ui.AbstractIcon,10
ajde.IUIBuildMessageHandler,5
ajde.IRuntimeProperties,5
ajde.internal.StructureUtilities,3
ajde.internal.LstBuildConfigManager,223
ajde.internal.LstBuildConfigFileUpdater,153
ajde.internal.LstBuildConfigFileParser,28
ajde.internal.BuildConfigManager,17
ajde.internal.BuildConfigListener,7
ajde.IdeUIAdapter,4
ajde.IconRegistry,118
ajde.EditorListener,5
ajde.EditorAdapter,13
ajde.core.JavaOptions,69
ajde.core.IOutputLocationManager,19
ajde.core.internal.OutputLocationAdapter,39
ajde.core.internal.AjdeCoreMessageHandlerAdapter,24
ajde.core.internal.AjdeCoreBuildNotifierAdapter,20
ajde.core.internal.AjdeCoreBuildManager,305
ajde.core.ICompilerConfiguration,23
ajde.core.IBuildProgressMonitor,8
ajde.core.IBuildMessageHandler,9
ajde.core.AjCompiler,77
ajde.Ajde,299